lotte	Lotte Department Store logo	['The Bodie Chronicle 1880-08-07 (IA cammlsmh 000206).pdf', 'Victoria Daily Times (1918-10-30) (IA victoriadailytimes19181030).pdf']
lotte	Lotte logo	['LOTTE logo BI.pdf', 'Lotte Logo (2017).svg', '롯데시네마 강동 02.jpg', 'Lotte Chemical Logo.svg', 'Lotte World Tower logo.svg', 'Lotte Duty Free Logo.svg', 'WMKR Office - Dongjak Hupsung Huefore.jpg', 'Logo SF Lotte.svg']
lotte		lotte__s0.jpg	LOTTE logo BI.pdf
lotte		lotte__s1.png	Lotte Logo (2017).svg
lotte		lotte__s2.png	Lotte Chemical Logo.svg
lotte	Lotte Outlets logo	['OJ C 340 of 2020 - FR French.pdf']
bonjuk	Bonjuk logo	[]
bonjuk	본죽 로고	[]
bonjuk	Bon IF logo	['Le-bon-marche-logo-vector.svg', 'Bon Appétit logo.svg', 'The Bon Ton 1659616464.webp', 'Cor-Bon Glaser Logo text only.png', 'BÔN Logo PNG.png', "Hess's-The Bon-Ton Transition Logo.png", 'Bon Ton 2024 logo.png', 'Au Bon Pain logo.svg']
bonjuk		bonjuk__s0.png	Le-bon-marche-logo-vector.svg
bonjuk		bonjuk__s1.png	Bon Appétit logo.svg
bonjuk		bonjuk__s2.png	Cor-Bon Glaser Logo text only.png
shinhwa	Jeju Shinhwa World logo	[]
shinhwa	Shinhwa World	['Landing Jeju Shinhwa World, Seogwipo, Jeju Island, South Korea.jpg']
renault-samsung	Renault Samsung Motors logo	['Renault Samsung Motors logo.svg', 'Renault Korea Motors symbol.svg', 'Renault Samsung Busan Haeundae Dealer01.jpg', 'Renault Korea Motors.svg', 'Renault Samsung sm3.jpg', 'Renault Samsung sm3 interior.jpg', 'Renault-Samsung SM3 2.jpg', 'Renault-Samsung SM3 1.jpg']
renault-samsung		renault-samsung__s0.png	Renault Samsung Motors logo.svg
