shinsegae	ko:신세계백화점	shinsegae__0.jpg	https://thumb.wikimedia.org/wikipedia/commons/thumb/8/87/Shinsegae_Department_Store_in_Seoul.jpg/3840px-Shinsegae_Department_Store_in_Seoul.jpg?utm_source=ko.wikipedia.org&utm_campaign=api&utm_content=thumbnail
shinsegae	en:Shinsegae	no image
shinsegae	ko:신세계 (기업)	error HTTP Error 404: Not Found
lotte-dept	ko:롯데백화점	lotte-dept__0.jpg	https://thumb.wikimedia.org/wikipedia/commons/thumb/c/ce/Lotte_Department_Store_Ulsan_%2825090703%29.jpg/3840px-Lotte_Department_Store_Ulsan_%2825090703%29.jpg?utm_source=ko.wikipedia.org&utm_campaign=api&utm_content=thumbnail
lotte-dept	en:Lotte_Department_Store	lotte-dept__1.jpg	https://thumb.wikimedia.org/wikipedia/commons/thumb/0/05/Lotte_Department_Store_Ulsan_%2825090702%29.jpg/3840px-Lotte_Department_Store_Ulsan_%2825090702%29.jpg?utm_source=en.wikipedia.org&utm_campaign=api&utm_content=thumbnail
lotte-outlet	ko:롯데아울렛	lotte-outlet__0.jpg	https://thumb.wikimedia.org/wikipedia/commons/thumb/c/ce/Lotte_Department_Store_Ulsan_%2825090703%29.jpg/3840px-Lotte_Department_Store_Ulsan_%2825090703%29.jpg?utm_source=ko.wikipedia.org&utm_campaign=api&utm_content=thumbnail
lotte-outlet	ko:롯데쇼핑	no image
lotte-outlet	en:Lotte_Shopping	no image
premium-outlet	ko:신세계사이먼	no image
premium-outlet	ko:신세계 프리미엄 아울렛	error HTTP Error 404: Not Found
premium-outlet	en:Shinsegae_Simon	error HTTP Error 429: Too Many Requests
vips	ko:빕스	error HTTP Error 429: Too Many Requests
vips	en:VIPS_(restaurant)	error HTTP Error 429: Too Many Requests
bonjuk	ko:본죽	error HTTP Error 429: Too Many Requests
bonjuk	ko:본아이에프	error HTTP Error 429: Too Many Requests
bonjuk	en:Bonjuk	error HTTP Error 429: Too Many Requests
shinhwa	ko:제주신화월드	error HTTP Error 429: Too Many Requests
shinhwa	en:Jeju_Shinhwa_World	error HTTP Error 429: Too Many Requests
shinhwa	ko:람정제주개발	error HTTP Error 429: Too Many Requests
renault	ko:르노코리아	error HTTP Error 429: Too Many Requests
renault	en:Renault_Korea	error HTTP Error 429: Too Many Requests
renault	en:Renault_Samsung_Motors	error HTTP Error 429: Too Many Requests
hanwha-aero	ko:한화에어로스페이스	error HTTP Error 429: Too Many Requests
hanwha-aero	en:Hanwha_Aerospace	error HTTP Error 429: Too Many Requests
